[
{"id":"1","name":"Dr. Harold Moen","email":"ellie.harvey@example.net","email_verified_at":"2022-08-06 21:47:32"},
{"id":"2","name":"Mr. Felipe Runolfsson","email":"onie84@example.net","email_verified_at":"2022-08-06 21:47:32"},
{"id":"3","name":"Gabrielle Lakin","email":"cterry@example.com","email_verified_at":"2022-08-06 21:47:32"},
{"id":"4","name":"Arlie Hand","email":"sadye.purdy@example.net","email_verified_at":"2022-08-06 21:47:32"},
{"id":"5","name":"Lilliana Rath","email":"sheldon.parisian@example.net","email_verified_at":"2022-08-06 21:47:32"},
{"id":"6","name":"Rosella Zieme","email":"tgoldner@example.com","email_verified_at":"2022-08-06 21:47:32"},
{"id":"7","name":"Lawrence Gibson II","email":"perry.mccullough@example.org","email_verified_at":"2022-08-06 21:47:32"},
{"id":"8","name":"Adrian Wuckert","email":"clangworth@example.com","email_verified_at":"2022-08-06 21:47:32"},
{"id":"9","name":"Raul Hermann","email":"bartoletti.willy@example.org","email_verified_at":"2022-08-06 21:47:32"},
{"id":"10","name":"Adah Hessel","email":"kub.leonora@example.org","email_verified_at":"2022-08-06 21:47:32"},
{"id":"11","name":"Noemi Gorczany Jr.","email":"natalie.stroman@example.net","email_verified_at":"2022-08-06 21:47:32"},
{"id":"12","name":"Maverick Marks","email":"watsica.adolphus@example.net","email_verified_at":"2022-08-06 21:47:32"},
{"id":"13","name":"Paxton Considine","email":"beulah.breitenberg@example.org","email_verified_at":"2022-08-06 21:47:32"},
{"id":"14","name":"Deion Volkman","email":"sabryna.senger@example.com","email_verified_at":"2022-08-06 21:47:32"},
{"id":"15","name":"Dolores Kunze","email":"dicki.wilmer@example.net","email_verified_at":"2022-08-06 21:47:32"},
{"id":"16","name":"Michaela Sporer","email":"zemlak.jazmyne@example.org","email_verified_at":"2022-08-06 21:47:32"},
{"id":"17","name":"Jessy Mitchell Jr.","email":"mbergstrom@example.org","email_verified_at":"2022-08-06 21:47:32"},
{"id":"18","name":"Dr. Juana Hyatt","email":"vromaguera@example.org","email_verified_at":"2022-08-06 21:47:32"},
{"id":"19","name":"Anahi Wuckert","email":"sherman.dubuque@example.net","email_verified_at":"2022-08-06 21:47:32"},
{"id":"20","name":"Mr. Rene Dicki MD","email":"gussie.hackett@example.org","email_verified_at":"2022-08-06 21:47:32"}
]